name,email,gender,age,country
Felicia,fcopplestone0@thetimes.co.uk,Female,57,
Katleen,kesseby1@google.co.jp,Female,45,Ivory Coast
Francoise,ffallowes2@about.me,Female,74,Brazil
Beatrice,bmordecai3@army.mil,Female,19,United States
Cami,cfraschini4@unicef.org,Female,27,Uzbekistan
Lilyan,ldansken5@foxnews.com,Female,66,Greece
Nobie,nturmel6@nytimes.com,Male,9,Germany
Efren,ewilderspoon7@so-net.ne.jp,Male,49,Ukraine
Maye,msebastian8@springer.com,Female,49,
Clark,cbartholomaus9@msn.com,Male,70,United States
Robby,rfealtya@theglobeandmail.com,Male,54,South Africa
Conchita,cokelleherb@usda.gov,Female,66,Indonesia
Drugi,dbushawayc@about.com,Male,21,El Salvador
Gan,gelnaughd@xrea.com,Male,3,France
Tessie,tgunthere@adobe.com,Female,59,Portugal
Bella,bmcvanef@adobe.com,Female,12,China
Justen,jledgardg@blogspot.com,Male,11,Tunisia
Eadith,eperoneh@lycos.com,Female,65,Indonesia
Krysta,kromaynei@redcross.org,Female,27,Brazil
Joseito,jmazonowiczj@latimes.com,Male,17,China
Connie,cskirvenk@reverbnation.com,Female,23,China
Sax,sgilberthorpel@icq.com,Male,64,Japan
Griz,gdriversm@shop-pro.jp,Male,48,Portugal
Cal,cbertenshawn@theguardian.com,Male,45,Tanzania
Isabelita,iquinbyo@wp.com,Female,69,Philippines
Kellina,kgyllep@eventbrite.com,Female,64,Kazakhstan
Juliana,jbubbingsq@chicagotribune.com,Female,50,Azerbaijan
Jo,jjanikowskir@webnode.com,Female,22,Cuba
Townsend,tseamanss@live.com,Male,18,France
Morie,mlongt@purevolume.com,Male,59,Kosovo
Umberto,uknutsenu@macromedia.com,Male,9,China
Thane,thawkswoodv@shinystat.com,Polygender,17,Ghana
Tabatha,tpaolinow@php.net,Female,6,Australia
Lorain,lwarenx@nasa.gov,Non-binary,32,Philippines
Eunice,eswalowey@google.nl,Female,72,China
Hilliary,hfeldmusz@webnode.com,Female,17,Poland
Hubert,hpelling10@weebly.com,Male,66,Philippines
Sisely,shalewood11@un.org,Female,16,Indonesia
Cletis,cmazzilli12@nymag.com,Male,44,France
Bernelle,bkundt13@icio.us,Female,49,Uzbekistan
Beth,brosander14@nydailynews.com,Female,17,Democratic Republic of the Congo
Joni,jegger15@bbb.org,Female,60,Kyrgyzstan
Brigham,bdewer16@goodreads.com,Male,51,Greece
Caroljean,clouder17@baidu.com,Genderfluid,33,China
Salomo,sdougan18@vimeo.com,Male,53,Cameroon
Willi,wgerwood19@ox.ac.uk,Male,3,China
Matthias,mmarvel1a@goo.ne.jp,Male,70,Lithuania
Wendie,wcodman1b@g.co,Female,10,United States
Marketa,mbenninger1c@yolasite.com,Female,2,Poland
Tremaine,tkrikorian1d@cyberchimps.com,Male,62,Philippines
Wallache,wwontner1e@w3.org,Male,47,France
Jeniece,jshreenan1f@dagondesign.com,Genderqueer,8,Peru
Samantha,shassey1g@ca.gov,Female,63,Brazil
Dillie,dwoloschinski1h@sitemeter.com,Male,37,Guatemala
Malorie,mvouls1i@adobe.com,Female,64,Serbia
Margareta,mcotta1j@vimeo.com,Female,39,Philippines
Randa,rbanane1k@ft.com,Female,1,Ethiopia
Justinian,jpatrick1l@senate.gov,Male,1,Yemen
Ruthy,rconibere1m@google.de,Female,32,Belarus
Remy,rmewe1n@si.edu,Female,51,Poland
Charmane,cferrara1o@earthlink.net,Female,74,Indonesia
Darya,dbexley1p@zimbio.com,Female,39,Brazil
Beniamino,bbundock1q@nifty.com,Male,5,France
Theodora,tmcgirl1r@java.com,Female,70,Canada
Otes,oheinemann1s@upenn.edu,Male,21,Tanzania
Sully,sfrancke1t@wix.com,Male,9,China
Walt,wincogna1u@sciencedaily.com,Male,20,Peru
Henderson,hcready1v@fema.gov,Male,45,China
Reeta,rkock1w@deliciousdays.com,Female,11,France
Casey,cchastanet1x@bbb.org,Male,6,Comoros
Wat,wtitmarsh1y@amazon.com,Non-binary,53,Vietnam
Gillan,gpollastrino1z@skype.com,Female,70,Indonesia
Jolyn,jbeaulieu20@sitemeter.com,Female,47,Brazil
Freemon,fduffill21@vistaprint.com,Male,5,Brazil
Siward,siacoboni22@miitbeian.gov.cn,Male,7,Honduras
Gal,ghughill23@gov.uk,Male,43,Portugal
Eddy,ehallard24@woothemes.com,Female,18,Nigeria
Fayina,fsherebrook25@hp.com,Female,2,Tanzania
Hobart,hbrecher26@epa.gov,Male,20,Ireland
Jamison,jfadell27@hud.gov,Male,66,Indonesia
Wiatt,wslowan28@comcast.net,Male,68,Portugal
Jasmin,jpykerman29@dell.com,Polygender,63,China
Hildagarde,hmallison2a@usatoday.com,Female,8,Brazil
Lacie,lstandall2b@narod.ru,Female,72,Japan
Jase,jhealing2c@bbc.co.uk,Non-binary,3,Palestinian Territory
Esmeralda,evanni2d@etsy.com,Female,63,China
Vinson,vohenehan2e@aol.com,Bigender,2,Argentina
Tremaine,tcardenas2f@cbsnews.com,Male,34,Philippines
Hali,hhaffard2g@sakura.ne.jp,Agender,69,Russia
Dominique,dpetrou2h@bloglines.com,Male,13,Bolivia
Thomasa,tmines2i@slashdot.org,Agender,71,United States
Fae,fcorkhill2j@clickbank.net,Polygender,37,Thailand
Blinnie,blaphorn2k@comcast.net,Genderqueer,55,Russia
Mary,mhamm2l@timesonline.co.uk,Female,71,Sweden
Cherise,cgrinyov2m@howstuffworks.com,Female,40,Philippines
Aldwin,akrop2n@yolasite.com,Male,53,China
Osborn,oofearguise2o@noaa.gov,Male,14,Luxembourg
Gerrie,gmanser2p@delicious.com,Female,35,Portugal
Lacy,lslot2q@unblog.fr,Female,36,Russia
Mersey,mjacobsson2r@newsvine.com,Female,23,China
